[{"Username":"alisoltani","Password":"d436433ab60e0b018d56256a2e3e4da72a0e8a257f39386724d4ea6968e3b453","Email":"alisoltani1810@gmail.com","Gender":"male","NickName":"ali","stayLoggedIn":false},{"Username":"alisoltanii","Password":"d436433ab60e0b018d56256a2e3e4da72a0e8a257f39386724d4ea6968e3b453","Email":"alisoltani1810@gmail.com","Gender":"male","NickName":"ali","stayLoggedIn":false},{"Username":"alisoltaniii","Password":"d436433ab60e0b018d56256a2e3e4da72a0e8a257f39386724d4ea6968e3b453","Email":"alisoltani1810@gmail.com","Gender":"male","NickName":"ali","stayLoggedIn":false},{"Username":"alisoltaniiii","Password":"d436433ab60e0b018d56256a2e3e4da72a0e8a257f39386724d4ea6968e3b453","Email":"alisoltani1810@gmail.com","Gender":"male","NickName":"ali","stayLoggedIn":false}]